canonical_name,category
00 flour,other
1% milk,dairy
2% milk,dairy
Acorn Noodles,grain
Acorn Starch,vegetable
Aged Black Vinegar,condiment
Aged Soy Sauce,condiment
Annatto Oil,oil_fat
Annatto Seeds,other
Ansong Tang Myeon (Ansong Instant Noodles),grain
Arctic char fillet,seafood
Asian pennywort,herb
Baekseolgi (White Rice Cake),grain
Bamboo Leaf,vegetable
Banana Leaves,other
Baozi wrapper,other
"Bay leaf, Chinese",other
Betel Leaves,other
Bibim Naengmyeon Noodles,grain
Bird's Nest,other
Black Bean Garlic Sauce,condiment
Black Carp,seafood
Black Pepper,other
Black Sesame Paste,condiment
Black Vinegar with Ginger,condiment
"Black vinegar, Shanxi",other
Buchimgae Mix (Korean Pancake Flour),grain
Cabbage Water Kimchi,vegetable
Canadian bacon,protein
"Carrot, Chinese",other
Cassia Bark,other
Chapagetti Noodles,grain
Chapssaltteok (Sweet Rice Cake),grain
Char Siu Sauce,condiment
Chicken Powder,condiment
Chilean sea bass,seafood
Chili Bean Paste,other
Chili Bean Sauce,condiment
Chili Crisp,condiment
Chili Garlic Sauce,other
Chili Pepper,other
Chili Powder Paste,condiment
Chinese Bacon,protein
Chinese Chili Sauce,condiment
Chinese Chive Flower,vegetable
Chinese Flowering Cabbage,vegetable
Chinese Leek,vegetable
Chinese Maltose Syrup,condiment
Chinese Rose Wine,condiment
Chinese Sausage,protein
Chinese Sesame Paste,condiment
Chinkiang Black Vinegar,condiment
Chonburi Radish Kimchi,vegetable
Choy Sum,vegetable
Chu Hou Paste,condiment
Cinnamon Powder,condiment
Coconut Water,other
Comté cheese,dairy
Cooking Wine,other
Crown Daisy,vegetable
Cubed Radish Kimchi,vegetable
Cucumber Kimchi,vegetable
Cumin Powder,condiment
Cumin seed,other
Dangmyeon (Sweet Potato Glass Noodles),grain
Dark Soy Sauce,condiment
Doubanjiang,other
Dried Abalone,seafood
Dried American Ginseng,other
Dried Angelica Root,other
Dried Astragalus Root,other
Dried Bamboo Shoots,vegetable
Dried Barley,other
Dried Beancurd Sheets,other
Dried Beancurd Sticks,other
Dried Black Mushroom,vegetable
Dried Chili Pepper Whole,other
Dried Chinese Yam,other
Dried Chrysanthemum,other
Dried Codonopsis Root,other
Dried Cordyceps,other
Dried Cuttlefish,other
Dried Enoki Mushroom,other
Dried Fernbrake,vegetable
Dried Fish Maw,seafood
Dried Fish Roe,other
Dried Fox Nut,other
Dried Ginger,other
Dried Ginseng Root,other
Dried Goji Leaf,other
Dried Goji Root Bark,other
Dried Hawthorn Berry,other
Dried Kelp,other
Dried King Oyster Mushroom,other
Dried Licorice Root,other
Dried Lily Buds,other
Dried Lily Bulb,vegetable
Dried Longan,fruit
Dried Lotus Root,other
Dried Lotus Seeds,other
Dried Maitake Mushroom,other
Dried Morel Mushroom,other
Dried Nori,other
Dried Osmanthus Flower,other
Dried Oyster,seafood
Dried Peony Root,other
Dried Porcini Mushroom,other
Dried Radish,vegetable
Dried Red Sichuan Chili,other
Dried Rehmannia Root,other
Dried Rose Petals,other
Dried Schisandra Berry,other
Dried Sea Cucumber,seafood
Dried Sea Jellyfish,other
Dried Shiitake,vegetable
Dried Shrimp Roe,condiment
Dried Sichuan Chili Threads,other
Dried Snow Fungus,other
Dried Solomon's Seal,other
Dried Straw Mushroom,other
Dried Tangerine Peel,spice
Dried Tangerine Peel Powder,spice
Dried Tea Tree Mushroom,other
Dried Tofu Skin,legume
Dried Water Chestnut,other
Dried Wood Ear Mushroom,other
Dried lily flower,other
Duck breast,protein
Duck skin,protein
Dumpling Wrapper,grain
"Eggplant, Chinese",other
Erjingtiao Chili,other
Facing Heaven Chili,other
Fast Fermented Soybean Paste,condiment
Fennel seed,other
Fermented Bean Curd,condiment
Fermented Bean Paste,condiment
Fermented Fish Sauce,other
Fermented Rice Wine Lees,condiment
Fermented Soybean Soup Base,condiment
Fermented tofu,other
Fish Mint,other
Five Spice Powder,spice
Fragrant Spicy Oil,condiment
Fresh Water Snail,seafood
Fried Shallot,vegetable
Fried Tofu Puff,legume
Garae-tteok (Long Rice Cake),grain
Garlic Chili Sauce,condiment
Garlic Chives,other
Garlic Paste,other
Garlic Scapes,vegetable
Garlic Shoots,vegetable
Garlic bolt,other
Ginger Paste,other
Ginger Scallion Sauce,condiment
Glutinous Rice Ball,grain
Goji Berries,other
Greek oregano,herb
Green Chili Pepper Kimchi,vegetable
Green Onion Kimchi,vegetable
Green Sichuan Peppercorn,other
Green onion pancake dough,other
Guksu (Korean Wheat Noodles),grain
Guntur red chili powder,spice
Hairy Crab Meat,seafood
Hairy Crab Roe,seafood
Har Gow Wrapper,grain
Hoisin Sauce,condiment
Huadiao Wine,condiment
Iberico pork,protein
Injeolmi (Soybean Powder Rice Cake),grain
Instant Ramyun Noodles,grain
Italian sausage,protein
Janchi Guksu Noodles (Banquet Noodles),grain
Jiangsu Pickled Vegetables,vegetable
Jiaozi wrapper,other
Jin Ramyun Noodles,grain
Jjolmyeon Noodles (Chewy Wheat Noodles),grain
John Dory,seafood
John Dory fillet,seafood
Kalguksu Noodles (Wheat Knife-Cut Noodles),grain
Kashmiri red chili powder,spice
Kimchi Brine,condiment
Kimchi Ramyun Noodles,grain
Kongguksu Noodles (Soy Milk Noodles),grain
Korean Barley (Cooked),grain
Korean Barley (Raw),grain
Korean Bean Curd,vegetable
Korean Black Rice (Raw),grain
Korean Brown Rice (Cooked),grain
Korean Brown Rice (Raw),grain
Korean Burdock Root,vegetable
Korean Cabbage Kimchi Base,vegetable
Korean Carrot,vegetable
Korean Chili Pepper,vegetable
Korean Chives,vegetable
Korean Cucumber,vegetable
Korean Eggplant,vegetable
Korean Garlic,vegetable
Korean Ginger,vegetable
Korean Glass Noodles Vegetable Base,vegetable
Korean Green Chili,vegetable
Korean Green Onion,vegetable
Korean Job's Tears (Raw),grain
Korean Kelp,vegetable
Korean Leek,vegetable
Korean Lettuce,vegetable
Korean Lotus Root,vegetable
Korean Millet (Raw),grain
Korean Miso Paste,condiment
Korean Mushroom,vegetable
Korean Onion,vegetable
Korean Potato,vegetable
Korean Potato Starch Noodles,grain
Korean Pumpkin,vegetable
Korean Radish Greens,vegetable
Korean Radish Kimchi,vegetable
Korean Rice Flour,grain
Korean Seaweed,vegetable
Korean Short Grain White Rice (Cooked),grain
Korean Short Grain White Rice (Raw),grain
Korean Spinach,vegetable
Korean Sweet Pepper,vegetable
Korean Sweet Potato,vegetable
"Korean Sweet Rice (Glutinous Rice, Cooked)",grain
"Korean Sweet Rice (Glutinous Rice, Raw)",grain
Korean Sweet Rice Flour,grain
Korean Taro,vegetable
Korean Taro Stem,vegetable
Korean Watercress,vegetable
Korean Wheat Flour,grain
Korean Zucchini,vegetable
Lamb ribs,protein
Lao Gan Ma Chili Crisp,other
Lao Gan Ma Chili Sauce,condiment
Light Soy Sauce,condiment
Lime Leaves,other
Liver Sausage,protein
Lotus Leaf,vegetable
Lotus Seed,grain
Lotus Seeds,nut_seed
Makgeolli Lees Paste,condiment
Mala Sauce,other
Malabar black pepper,spice
Malt Syrup,condiment
Maltose syrup,other
Mandu Wrappers (Dumpling Wrappers),grain
Mantou,other
Marcona almonds,nut_seed
Mei Cai,condiment
Memil Guksu (Buckwheat Noodles),grain
Millet,other
Mul Naengmyeon Noodles,grain
Mung Bean Starch,vegetable
Mushroom Soy Sauce,condiment
Mustard Leaf Kimchi,vegetable
Mutton leg,protein
Naengmyeon Noodles (Buckwheat Cold Noodles),grain
Napa Cabbage Kimchi,vegetable
Neoguri Ramyun Noodles,grain
Nurungji (Scorched Rice),grain
"Ogokbap Mix (Five Grain Mix, Raw)",grain
Old Ginger,vegetable
Osmanthus Syrup,sweetener
Oyster Sauce,condiment
Pacific cod (madara),seafood
Pacific herring (nishin),seafood
Pacific salmon,seafood
Pacific saury,seafood
Pandan Leaves,other
Parmigiano-Reggiano,dairy
Pennywort,other
Perilla,other
Perilla Leaf Kimchi,vegetable
Perilla Leaves,vegetable
Perilla Seed Paste,condiment
Pickled Cabbage,vegetable
Pickled Carrots and Daikon,other
Pickled Chili,other
Pickled Chili Pepper,vegetable
Pickled Cucumber,vegetable
Pickled Garlic,vegetable
Pickled Garlic Scape,vegetable
Pickled Ginger,condiment
Pickled Mustard Greens,other
Pickled Mustard Tuber,condiment
Pickled Onion,vegetable
Pickled Perilla Leaf,vegetable
Pickled Radish,vegetable
Pickled Sesame Leaf,vegetable
Pixian Doubanjiang,condiment
Plum Sauce,condiment
Ponytail Radish Kimchi,vegetable
"Pork belly, skin-on",protein
"Potato, stir-fry cut",other
Preserved Black Beans,condiment
Preserved Duck,protein
Preserved Mustard Greens,condiment
Pressed Tofu,legume
Radish Water Kimchi,vegetable
Red Chili Paste,condiment
Red Date,fruit
Red Dates,other
Red Fermented Bean Curd,condiment
Red Fermented Tofu,condiment
Red Oil,oil_fat
Red Oil Wonton Sauce,condiment
Red Yeast Rice,condiment
Rice Cooking Wine,condiment
Rice Noodle Roll,grain
Rice Noodle Sheet,grain
Rice Paddy Herb,other
Roasted Peanuts,nut_seed
Rose Fermented Bean Curd,condiment
Salted Anchovy,condiment
Salted Clam,condiment
Salted Croaker,condiment
Salted Duck Egg Yolk,other
Salted Egg,other
Salted Egg Yolk Sauce,condiment
Salted Fish,seafood
Salted Mustard Greens,vegetable
Salted Oyster,condiment
Salted Pollack Roe,condiment
Salted Sand Lance,condiment
Salted Shrimp,condiment
Salted Squid,condiment
Salted Yellow Croaker Innards,condiment
Samyang Buldak Noodles,grain
San Marzano tomatoes,vegetable
Sate Sauce,other
Seasoned Chili Paste,condiment
Seasoned Fish Sauce,condiment
Seasoned Perilla Leaf Kimchi,vegetable
Seasoned Soy Sauce,condiment
Seasoned Soybean Paste,condiment
Serrano ham,protein
Sesame Chili Oil,condiment
Sesame paste,other
Sha Cha Sauce,condiment
Shacha Sauce,condiment
Shanghai Bok Choy,vegetable
Shanghai Fine Noodles,grain
Shanghai Rice Cake,grain
Shanghai Thick Noodles,grain
Shaoxing Wine,condiment
Shepherd's Purse,vegetable
Shin Ramyun Noodles,grain
Sichuan Black Vinegar,other
Sichuan Broad Bean Paste,other
Sichuan Chili Flakes,other
Sichuan Chili Oil,condiment
Sichuan Chili Paste,other
Sichuan Chili Powder,other
Sichuan Pepper Salt,other
Sichuan Peppercorn Oil,condiment
Sichuan Peppercorn Powder,condiment
Sichuan Pickled Ginger,other
Sichuan Pickled Vegetables,other
Sichuan Preserved Radish,other
Sichuan Preserved Vegetable,other
Sichuan Sesame Paste,other
Sichuan Spicy Hot Pot Base,other
Sichuan Sweet Bean Sauce,other
Sichuan Vinegar,other
Sichuan Ya Cai,condiment
Sichuan Yibin Ya Cai,other
Sirutteok (Steamed Rice Cake),grain
Siu Mai Wrapper,grain
Smoked Tofu,legume
Snow Fungus,vegetable
Somyeon (Thin Wheat Noodles),grain
Songpyeon (Half-Moon Rice Cake),grain
Soy Sauce Paste,condiment
Soy paste,other
Soybean Paste,condiment
Spanish chorizo,protein
Spanish mackerel (sawara),seafood
Spanish mackerel fillet,seafood
Spicy Fermented Bean Curd,condiment
Spicy Napa Cabbage Kimchi,vegetable
Spicy Radish Kimchi,vegetable
"Spinach, water",other
Spring Bamboo Shoots,vegetable
Spring Roll Wrapper,grain
Sriracha Sauce,other
Star Anise Powder,condiment
Sticky Rice,grain
Straw Mushrooms,other
Suancai,other
Sujebi Dough (Hand-Torn Noodle Dough),grain
Sweet Bean Sauce,condiment
Sweet Fermented Rice,condiment
Sweet Pickled Garlic,condiment
Sweet Potato Starch,grain
Sweet Rice Paste,condiment
Sweet Soy Sauce,condiment
Sweet bean paste,other
Taro,vegetable
Thai basil flower,herb
Thai bird's eye chili,spice
Thai chili flakes,spice
Thai chili jam,condiment
Thai chili paste in oil,condiment
"Thai chili, dried",spice
"Thai chili, fresh",vegetable
Thai coriander,herb
Thai dried shrimp,seafood
Thai garlic,herb
Thai ginger,herb
Thai golden mountain sauce,condiment
Thai lime,other
Thai seasoning sauce,condiment
Thai shallot,herb
"Thai soy sauce, dark",condiment
"Thai soy sauce, light",condiment
Thai sriracha sauce,condiment
Thai sweet basil seed,nut_seed
Thai sweet chili sauce,condiment
Thirteen Spice Powder,condiment
Tianjin Preserved Vegetable,condiment
Toasted Sesame Oil,condiment
Tteok (General Rice Cake),grain
Tteokbokki Rice Cake,grain
Vegetarian Goose,legume
Vietnamese Balm,other
Vietnamese Chili Sauce,other
Vietnamese Cilantro,other
Vietnamese Cinnamon,other
Vietnamese Coriander Leaves,other
Vietnamese Mint,other
Vietnamese Scallion,other
Wakame Seaweed,vegetable
Water Kimchi,vegetable
Water Parsley,vegetable
Wheat starch,other
White Fermented Tofu,condiment
White Kimchi,vegetable
White Pepper,other
White Pepper Powder,spice
White Rice Vinegar,condiment
Winter Bamboo Shoots,vegetable
Wolfberry,fruit
Wonton Wrapper,grain
Wood Ear Mushrooms,other
Wrapped Kimchi,vegetable
Wrapping Sauce,condiment
XO Sauce,condiment
Xiaolongbao Wrapper,grain
Ya Cai,other
Yaksik Rice Cake,grain
Yellow Bean Sauce,condiment
Yellow Chive,vegetable
Yellow Chives,vegetable
Yellow Croaker,seafood
Yellow bean sprouts,other
Yeol Ramyun Noodles (Spicy Instant Noodles),grain
Young Radish Kimchi,vegetable
Young Summer Radish Kimchi,vegetable
Zhacai,other
Zhenjiang vinegar,other
a2 milk,dairy
"abalone, canned",seafood
"abalone, raw",seafood
abiu,fruit
acai berry,fruit
acerola,fruit
achiote paste,condiment
achiote seeds,spice
acidophilus milk,dairy
acini di pepe,other
acorn squash,vegetable
active dry yeast,other
adas,spice
adobo seasoning,spice
advieh,spice
"adzuki bean paste, sweetened",legume
"adzuki beans, canned",legume
"adzuki beans, dried",legume
african basil,herb
african cherry orange,fruit
african locust bean,condiment
african nutmeg,spice
african pepper,spice
african yam,vegetable
agar agar,other
agar-agar,other
agave nectar,sweetener
aged goat cheese,dairy
ago dashi,condiment
agretti,vegetable
air asam jawa,condiment
air jeruk nipis,condiment
aiyu jelly,other
aji amarillo paste,condiment
aji panca paste,condiment
ajowan,spice
ajwain,other
ajwain seeds,spice
akkawi cheese,dairy
albacore tuna,seafood
aleppo pepper,spice
aleppo pepper flakes,spice
all-purpose flour,grain
allspice berries,spice
allspice ground,spice
allulose,sweetener
almond butter,nut_seed
almond extract,other
almond flour,other
almond milk,dairy
almond oil,nut_seed
almond yogurt,dairy
"almond, blanched",nut_seed
"almond, roasted salted",nut_seed
"almond, roasted unsalted",nut_seed
"almond, sliced",nut_seed
"almond, slivered",nut_seed
"almond, whole raw",nut_seed
almonds,nut_seed
"almonds, honey roasted",nut_seed
amaranth flour,grain
amaranth grain,grain
amaranth leaves,vegetable
amazake,condiment
amba,condiment
amberjack,seafood
amberjack fillet,seafood
amchur,other
amchur powder,spice
american cheese,dairy
"anasazi beans, dried",legume
ancho chili powder,spice
anchovies,seafood
anchovy dashida,condiment
anchovy fish sauce,condiment
anchovy paste,seafood
anchovy stock,other
angel hair pasta,other
anise seeds,spice
annatto powder,spice
ao nori powder,condiment
aonori,spice
"appaloosa beans, dried",legume
apple cider vinegar,condiment
apple pie spice,spice
"apple, fuji",fruit
"apple, gala",fruit
"apple, granny smith",fruit
"apple, honeycrisp",fruit
apricot,fruit
arak,other
arame,vegetable
araza,fruit
arbi leaves,vegetable
arborio rice,grain
"arborio rice, uncooked",grain
argan oil,oil_fat
"ark shell, raw",seafood
arrowroot powder,other
artichoke,vegetable
arugula,vegetable
"arugula, fresh",herb
asafoetida,spice
asam gelugur,fruit
asam jawa,fruit
asazuke,condiment
asiago cheese,dairy
asparagus,vegetable
aspartame,sweetener
atemoya,fruit
atka mackerel (hokke),seafood
atta,grain
atta flour,grain
avocado,fruit
avocado oil,oil_fat
avocados,vegetable
awase dashi,condiment
awase dashi powder,spice
awase miso,condiment
baby back ribs,protein
baby bok choy,vegetable
baby carrot,vegetable
"baby octopus, raw",seafood
babybel cheese,dairy
bacon,protein
bacon fat,oil_fat
bagoong alamang,other
bagoong isda,other
baharat,spice
baharat spice blend,spice
"baked beans, canned",legume
baking powder,other
baking soda,other
balsamic vinegar,condiment
balut,protein
"bamboo rice, uncooked",grain
bamboo shoots,vegetable
banana,fruit
banana blossom,vegetable
banana flower,vegetable
banana ketchup,other
"banana leaf, fresh",herb
banana milk,dairy
banh bot loc (tapioca dumplings),grain
banh canh bot loc (tapioca thick noodles),grain
banh canh cua (crab thick noodles),grain
banh canh noodles,grain
banh cuon (steamed rice rolls),grain
banh da (pandan rice paper),grain
banh hoi (woven rice vermicelli),grain
banh pho ga (chicken pho noodles),grain
banh pho tuoi dai (wide fresh pho noodles),grain
banh pho tuoi nho (thin fresh pho noodles),grain
banh trang cuon (rolling rice paper),grain
banh trang goi cuon (summer roll wrappers),grain
banh trang nem (spring roll wrappers),grain
banh trang phoi suong (dew rice paper),grain
banh trang rice paper round 16cm,grain
banh trang rice paper round 22cm,grain
banh trang tron (mixed rice paper),grain
banh uot (wet rice paper),grain
baobab powder,spice
barberries,other
barfin flounder (karei),seafood
barley flakes,grain
barley flour,grain
barley malt syrup,sweetener
barley miso,condiment
"barnacle, cooked",seafood
barracuda,seafood
barracuda fillet,seafood
barramundi fillet,seafood
basil,spice
"basil, dried",herb
"basil, fresh",herb
"basmati brown rice, uncooked",grain
basmati rice,grain
"basmati rice, white, uncooked",grain
bawang goreng,condiment
bawang merah,vegetable
bawang putih,vegetable
bay leaf,spice
"bay leaf, dried",herb
bay leaves,spice
bean sprouts,vegetable
bearberry,fruit
beef back ribs,protein
beef bone marrow,protein
beef bottom round roast,protein
beef brisket,protein
beef broth,other
beef cheek,protein
beef chuck eye steak,protein
beef chuck roast,protein
beef coulotte steak,protein
beef cubed steak,protein
beef dashida,condiment
beef denver steak,protein
beef eye of round roast,protein
beef flank steak,protein
beef flat iron steak,protein
beef hanger steak,protein
beef heart,protein
beef kidney,protein
beef liver,protein
beef london broil,protein
beef merlot cut,protein
beef new york strip steak,protein
beef oxtail,protein
beef petite tender,protein
beef picanha,protein
beef plate ribs,protein
beef porterhouse steak,protein
beef prime rib,protein
beef ranch steak,protein
beef ribeye cap,protein
beef ribeye steak,protein
beef rump roast,protein
beef shank,protein
beef short ribs,protein
beef sierra steak,protein
beef sirloin steak,protein
beef sirloin tip roast,protein
beef skirt steak,protein
beef stew meat,protein
beef stock,other
beef sweetbreads,protein
beef t-bone steak,protein
beef tallow,oil_fat
beef tenderloin,protein
beef tongue,protein
beef top round roast,protein
beef tri-tip roast,protein
beef tripe,protein
beefsteak tomato,vegetable
beet,vegetable
beet greens,vegetable
beet kvass,beverage
belacan,condiment
belimbing wuluh,fruit
bell pepper,vegetable
bellflower root,vegetable
beni shoga,condiment
beniseed,nut_seed
berbere,spice
berbere spice blend,spice
besan,legume
betel leaf,herb
"bhutanese red rice, uncooked",grain
bigeye tuna,seafood
bighead carp,seafood
bignay,fruit
biji pala,spice
bilberry,fruit
biltong spice,spice
birch syrup,sweetener
biryani masala,other
bison ribeye steak,protein
bison strip loin,protein
bitter leaf,vegetable
bitter melon,vegetable
black bean hummus,legume
"black beans, canned",legume
"black beans, dried",legume
black cardamom,spice
black cod,seafood
black cumin,spice
black hawaiian salt,spice
"black lentils, dried",legume
black mustard seeds,spice
black olives,condiment
black pepper ground,spice
black pepper powder,spice
black peppercorn,spice
black peppercorns,spice
black pudding,protein
"black rice, uncooked",grain
black salt,spice
black sapote,fruit
black seed oil,oil_fat
black sesame seeds,spice
"black soybeans, canned",legume
"black soybeans, dried",legume
black sticky rice,grain
black tapioca pearls,other
black vinegar,condiment
black-eyed peas,legume
"black-eyed peas, canned",legume
"black-eyed peas, dried",legume
blackberry,fruit
blackening seasoning,spice
blackstrap molasses,sweetener
blackthroat seaperch (nodoguro),seafood
"blood cockle, raw",seafood
blue cheese,dairy
"blue crab, cooked",seafood
"blue crab, raw",seafood
"blue mussel, cooked",seafood
"blue mussel, raw",seafood
blueberry,fruit
bluefin tuna,seafood
bluefish fillet,seafood
bluegill fillet,seafood
bok choy,vegetable
"bomba rice, uncooked",grain
bone-in pork chop,protein
boneless pork chop,protein
bonito dashi powder,spice
bonito flakes powder,spice
boquerones,seafood
borage,vegetable
borage oil,oil_fat
"borage, fresh",herb
"borlotti beans, canned",legume
"borlotti beans, dried",legume
bot san day den (black tapioca pearls),grain
bottarga,seafood
bottle gourd,vegetable
bottle gourd seeds,nut_seed
bouillon powder,condiment
boursin cheese,dairy
boysenberry,fruit
braised eggs,other
branzino,seafood
"brazil nut, raw",nut_seed
bread flour,grain
breadfruit,vegetable
breakfast sausage,protein
bream fillet,seafood
brie cheese,dairy
broccoli,vegetable
broken rice,grain
brook trout fillet,seafood
brown butter,oil_fat
"brown lentils, dried",legume
brown mustard seeds,spice
brown rice flour,other
"brown rice, long-grain, uncooked",grain
"brown rice, short-grain, uncooked",grain
brown sugar,other
brown sugar syrup,other
brown trout fillet,seafood
brussels sprouts,vegetable
bucatini,other
buckwheat flour,grain
buckwheat groats,grain
budu,condiment
buffalo milk,dairy
bulgur wheat,grain
bumbu gado-gado,other
bumbu kuning,other
bumbu merah,other
bumbu putih,other
bumbu rendang,other
bumbu rujak,other
bun gao (rice noodles),grain
bun kho (dried rice vermicelli),grain
bun tuoi (fresh rice vermicelli),grain
bunga lawang,spice
bunga pala,spice
burrata,dairy
burrata cheese,dairy
butter,dairy
butter flavored shortening,oil_fat
butter lettuce,vegetable
"butter, clarified",oil_fat
"butter, salted",oil_fat
"butter, unsalted",oil_fat
butterfish fillet,seafood
buttermilk,dairy
butternut squash,vegetable
cabe hijau,vegetable
cabe merah,vegetable
cabe rawit,vegetable
cactus pear,fruit
cajeta,dairy
cajun seasoning,spice
cake flour,other
calabaza,vegetable
calamansi,fruit
"calrose rice, uncooked",grain
cambuca,fruit
camellia oil,oil_fat
camembert cheese,dairy
camu camu,fruit
camu camu berry,fruit
camu camu powder,spice
cancha corn,other
candlenut,nut_seed
cane syrup,sweetener
canistel,fruit
canned sardines in oil,seafood
canned tomatoes,vegetable
canned tuna in oil,seafood
canned tuna in water,seafood
"cannellini beans, canned",legume
"cannellini beans, dried",legume
cannelloni,other
canola oil,oil_fat
cantaloupe,fruit
capelin roe (masago),seafood
capers,condiment
"capon, whole",protein
caraway seeds,spice
cardamom,spice
cardamom ground,spice
cardamom pods,other
cardamom powder,spice
cardoon,vegetable
"carnaroli rice, uncooked",grain
carob molasses,sweetener
carolina reaper powder,spice
carom seeds,spice
carp fillet,seafood
carrot,vegetable
cashew butter,nut_seed
cashew milk,dairy
cashew nuts,nut_seed
"cashew, raw",nut_seed
"cashew, roasted salted",nut_seed
"cashew, roasted unsalted",nut_seed
"cashews, honey roasted",nut_seed
cassava,vegetable
cassava flour,other
cassava leaves,vegetable
cassia cinnamon,spice
caster sugar,sweetener
catfish fillet,seafood
cauliflower,vegetable
cavatappi,other
cayenne pepper,spice
celeriac,vegetable
celery,vegetable
celery salt,spice
celery seeds,spice
cellophane noodles (mung bean),grain
cengkeh,spice
century egg,protein
ceylon cinnamon,spice
chaat masala,spice
chakalaka,condiment
"chamomile, dried",herb
chana dal,legume
char siu,protein
chayote,vegetable
cheddar cheese,dairy
cheongyang chili powder,spice
cherimoya,fruit
cherry tomato,vegetable
cherry tomatoes,vegetable
"cherry, sour",fruit
"cherry, sweet",fruit
"chervil, dried",herb
"chervil, fresh",herb
chestnut flour,other
"chestnut, raw",nut_seed
"chestnut, roasted",nut_seed
chevre cheese,dairy
chia seed oil,oil_fat
chia seeds,nut_seed
chicken back,protein
"chicken breast, bone-in with skin",protein
"chicken breast, boneless skinless",protein
"chicken breast, boneless with skin",protein
chicken broth,other
"chicken cutlet, breaded",protein
"chicken drumstick, skinless",protein
"chicken drumstick, with skin",protein
chicken egg white,protein
chicken egg whole,protein
chicken egg yolk,protein
chicken feet,protein
chicken gizzard,protein
chicken heart,protein
chicken hot dog,protein
chicken liver,protein
chicken masala,other
chicken neck,protein
"chicken nuggets, breaded",protein
chicken oyster,protein
"chicken sausage, Italian style",protein
"chicken sausage, breakfast style",protein
chicken skin,protein
chicken stock,other
chicken stock powder,condiment
"chicken strips, breaded",protein
chicken tenderloin,protein
chicken thigh,protein
"chicken thigh, bone-in with skin",protein
"chicken thigh, boneless skinless",protein
"chicken thigh, boneless with skin",protein
chicken thighs,protein
"chicken wing, skinless",protein
"chicken wing, with skin",protein
"chicken, ground",protein
"chicken, whole",protein
chickpea flour,other
chickpea sprouts,legume
"chickpeas, canned",legume
"chickpeas, dried",legume
chikuwa,seafood
chili oil,oil_fat
chili powder,spice
chili seasoning,spice
"chinese black rice, uncooked",grain
chinese broccoli,vegetable
chinese celery,vegetable
chinese chicken powder,spice
chinese chicken stock powder,condiment
chinese five spice,spice
chipotle chile in adobo,spice
chipotle powder,spice
chive,vegetable
"chives, dried",herb
"chives, fresh",herb
chocolate chips,other
chocolate ice cream,dairy
chocolate milk,dairy
chole masala,other
chorizo,protein
chow mein noodles,other
christophine,vegetable
chrysanthemum greens,vegetable
chum salmon,seafood
chunjang,condiment
cilantro,spice
cilantro root,herb
"cilantro, dried",herb
"cilantro, fresh",herb
cincalok,condiment
cinnamon,spice
"cinnamon basil, fresh",herb
cinnamon ground,spice
cinnamon stick,spice
cinnamon sticks,spice
cipollini onion,vegetable
clabber,dairy
"clam, cooked",seafood
"clam, raw",seafood
clementine,fruit
clotted cream,dairy
cloudberry,fruit
clove,spice
clove powder,spice
cloves,spice
cloves ground,spice
cluster beans,vegetable
cobia,seafood
cobia fillet,seafood
"cockle, raw",seafood
cocona,fruit
coconut cream,other
"coconut cream, canned",nut_seed
coconut flakes,nut_seed
coconut flour,other
coconut milk,dairy
"coconut milk, canned",nut_seed
"coconut milk, light",other
coconut oil,oil_fat
"coconut oil, refined",oil_fat
"coconut oil, virgin",oil_fat
coconut sugar,sweetener
coconut vinegar,other
coconut yogurt,dairy
"coconut, fresh",fruit
"coconut, shredded sweetened",nut_seed
"coconut, shredded unsweetened",nut_seed
cod fillet,seafood
coffee creamer liquid,dairy
coffee creamer powder,dairy
coho salmon,seafood
colby cheese,dairy
collard greens,vegetable
compound butter,oil_fat
"conch, raw",seafood
condensed milk,other
condensed milk unsweetened,dairy
"congee rice, uncooked",grain
conger eel (anago),seafood
consomme cube,condiment
consomme powder,condiment
cooked rice,grain
cooking sake,condiment
coriander ground,spice
coriander leaves,other
coriander powder,spice
coriander root,herb
coriander seed,spice
coriander seeds,spice
coriander stems,other
corn,vegetable
corn flour,other
"corn grits, white",grain
corn oil,oil_fat
corn syrup,other
corn tortillas,grain
"cornish hen, whole",protein
cornmeal,other
"cornmeal, yellow",grain
cornstarch,other
corvina,seafood
cottage cheese,dairy
cottonseed oil,oil_fat
country-style pork ribs,protein
couscous,other
"couscous, dry",grain
"couscous, pearl, dry",grain
crab boil seasoning,spice
"crab meat, claw",seafood
"crab meat, lump",seafood
crabapple,fruit
cracked wheat,grain
cranberry,fruit
"crawfish, cooked",seafood
"crawfish, raw",seafood
crayfish,seafood
crayfish powder,seafood
cream cheese,dairy
cream of tartar,other
cremini mushroom,vegetable
creole seasoning,spice
cricket flour,other
crispy rice noodles,grain
croaker fillet,seafood
crucian carp,seafood
crushed peanuts,other
crushed tomatoes,other
crusty bread,grain
crème fraîche,dairy
cucumber,vegetable
cucumbers,vegetable
"culantro, fresh",herb
cultured butter,dairy
cumin,spice
cumin ground,spice
cumin seeds,spice
cupuacu,fruit
cured pork belly,protein
curly kale,vegetable
"currant, black",fruit
"currant, red",fruit
curry leaves,spice
"curry leaves, dried",herb
"curry leaves, fresh",herb
curry powder,spice
cut wakame,vegetable
cuttlebone,seafood
cuttlefish balls,seafood
"cuttlefish, cooked",seafood
"cuttlefish, raw",seafood
daikon radish,vegetable
dal masala,other
dandelion greens,vegetable
dangmyeon,other
dark brown sugar,sweetener
dark chocolate chips,other
dark corn syrup,sweetener
dark molasses,sweetener
dashi granules,condiment
dashi packet,condiment
dashi stock,other
date syrup,sweetener
"date, medjool",fruit
daun bawang,vegetable
daun jeruk,herb
daun kemangi,herb
daun kunyit,herb
daun salam,herb
dawadawa,condiment
deggi mirch,spice
demerara sugar,sweetener
dende oil,oil_fat
deviled egg,protein
dextrose,sweetener
dhania powder,other
dibs ruman,condiment
diced tomatoes,other
dijon mustard,condiment
dill,herb
dill pickles,condiment
"dill, dried",herb
"dill, fresh",herb
ditalini,other
doenjang,condiment
donko shiitake,vegetable
dorade,seafood
dragon fruit,fruit
"dragon fruit, red flesh",fruit
"dragon fruit, white flesh",fruit
dried ancho chile,spice
dried anchovies (myeolchi),seafood
dried anchovy powder,spice
dried apricots,other
dried basil,spice
dried chickpeas,legume
dried chile de arbol,spice
dried chili,spice
dried chili flakes,spice
dried cod (bacalao),seafood
dried dates,other
dried dill,spice
dried egg powder,protein
dried fenugreek leaves,herb
dried fish,seafood
dried flying fish,seafood
dried ginger powder,spice
dried guajillo chile,spice
dried hibiscus flowers,herb
dried kelp powder,spice
dried kokum,spice
dried lime powder,spice
dried lo mein noodles,other
dried mango powder,spice
dried marjoram,spice
dried mint,herb
dried morita chile,spice
dried mulato chile,spice
dried octopus,seafood
dried oregano,spice
dried papaya seeds,spice
dried parsley,spice
dried pasilla chile,spice
dried pollock (hwangtae),seafood
dried pomegranate seeds,spice
dried prawns,seafood
dried ramen noodles,other
dried red chilies,spice
dried rice noodles,grain
dried rosemary,spice
dried sage,spice
dried scallop,seafood
dried scallops,seafood
dried shiitake mushroom,vegetable
dried shrimp,seafood
dried shrimp paste,condiment
dried shrimp powder,spice
dried squid,seafood
dried tamarind powder,spice
dried tarragon,spice
dried thyme,spice
dried tofu,other
dried udon noodles,other
dried wakame,vegetable
dried wakame powder,spice
dried whitebait,seafood
dried yuzu peel powder,spice
drum fillet,seafood
drumstick vegetable,vegetable
dry coconut,nut_seed
dry mint leaves,herb
dry white wine,other
duck blood curd,protein
"duck breast, boneless skinless",protein
"duck breast, boneless with skin",protein
duck confit,protein
duck egg,protein
duck fat,oil_fat
"duck leg, with skin",protein
duck liver,protein
duck sausage,protein
"duck, whole",protein
dudi,vegetable
dukkah,spice
dulce de leche,dairy
dumpling wrappers,grain
"dungeness crab, raw",seafood
durian,fruit
eating rayu,condiment
ebi,protein
edamame,vegetable
eel fillet,seafood
egg drop soup base,protein
egg noodles,other
egg substitute liquid,protein
egg white powder,protein
egg yolk powder,protein
eggplant,vegetable
eggs,protein
egusi seeds,nut_seed
"egyptian rice, uncooked",grain
elderberry,fruit
elephant foot yam,vegetable
elk steak,protein
emmental cheese,dairy
emping,other
emu fillet,protein
endive,vegetable
english cucumber,vegetable
enoki mushroom,vegetable
epazote,vegetable
"epazote, dried",herb
"epazote, fresh",herb
erythritol,sweetener
escarole,vegetable
espelette pepper,spice
european style butter,dairy
evaporated milk,dairy
evening primrose oil,oil_fat
everything bagel seasoning,spice
extra virgin olive oil,other
fajita seasoning,spice
farfalle,other
"farro, uncooked",grain
fava beans,legume
"fava beans, canned",legume
"fava beans, dried",legume
feijoa,fruit
fennel bulb,vegetable
"fennel fronds, fresh",herb
fennel seeds,spice
fenugreek leaves dried,spice
fenugreek seeds,spice
fermented anchovy paste,condiment
fermented black beans,legume
fermented shrimp paste,condiment
fermented soybean paste,condiment
fernbrake,vegetable
feta cheese,dairy
fettuccine,other
fiddlehead ferns,vegetable
"fig, fresh",fruit
file powder,spice
filo dough,other
fines herbes,herb
fingerling potato,vegetable
fingerroot,herb
fish balls,seafood
fish cake (kamaboko),seafood
fish curry powder,other
fish masala,other
fish paste,seafood
fish sauce,spice
fish sausage (eomuk),seafood
fish stock,other
"flageolet beans, canned",legume
"flageolet beans, dried",legume
flax milk,dairy
"flax seeds, ground",nut_seed
"flax seeds, whole",nut_seed
flaxseed oil,oil_fat
fleur de sel,spice
flounder (hirame),seafood
flounder fillet,seafood
flying fish roe (tobiko),seafood
fonio,grain
fontina cheese,dairy
"forbidden rice, uncooked",grain
freekeh,grain
french green beans,vegetable
"french lentils, dried",legume
fresh achira root,vegetable
fresh aguaymanto,fruit
fresh aji amarillo,vegetable
fresh aji limo,vegetable
fresh aji panca,vegetable
fresh arracacha root,vegetable
fresh basil,spice
fresh cacao nibs,other
fresh calabaza squash,vegetable
fresh camu camu,fruit
fresh cassava root,vegetable
fresh chayote,vegetable
fresh cherimoya,fruit
fresh cilantro,spice
fresh cochayuyo seaweed,vegetable
fresh coconut,other
fresh culantro,herb
fresh dill,herb
fresh egg noodles,grain
fresh epazote,herb
fresh guanabana,fruit
fresh guava,fruit
fresh hearts of palm,vegetable
fresh hoja santa,herb
fresh huacatay,herb
fresh jambu leaves,herb
fresh jicama,vegetable
fresh lo mein noodles,grain
fresh loroco buds,vegetable
fresh lucuma fruit,fruit
fresh maca root,vegetable
fresh malanga,vegetable
fresh mamey sapote,fruit
fresh merkén spice,spice
fresh mexican oregano,herb
fresh mozzarella,dairy
fresh nopales,vegetable
fresh oca tubers,vegetable
fresh oysters,seafood
fresh pacay fruit,fruit
fresh papaya,fruit
fresh passion fruit,fruit
fresh plantains,fruit
fresh ramen noodles,grain
fresh rice noodles,grain
fresh rocoto pepper,vegetable
fresh sacha inchi seeds,nut_seed
fresh scotch bonnet pepper,vegetable
fresh tamarind pulp,fruit
fresh tomatillos,vegetable
fresh udon noodles,grain
fresh ulluco tubers,vegetable
fresh yacon root,vegetable
fresh yeast,other
fresh yuca bitter,vegetable
fresh yuca leaves,vegetable
freshwater eel (unagi),seafood
fried egg,protein
fried garlic,condiment
fried shallots,condiment
fried tofu puffs,other
frisée,vegetable
frozen yogurt,dairy
fruit sugar,sweetener
fufu flour,grain
fuki,vegetable
fukujinzuke,condiment
ful medames,legume
full fat greek yogurt,dairy
furikake,spice
fuzzy melon,vegetable
galangal,spice
galangal powder,spice
garam masala,spice
gari,condiment
garland chrysanthemum,other
garlic,spice
garlic oil,oil_fat
garlic powder,spice
garri,grain
gelato,dairy
"geoduck clam, raw",seafood
ghee,dairy
ghost pepper powder,spice
ginger,spice
ginger garlic paste,other
ginger ground,spice
ginger powder,spice
ginger root,vegetable
ginkgo nuts,nut_seed
glass noodles,other
glucose syrup,sweetener
glutinous rice,other
glutinous rice flour,grain
gnocchi,grain
goat milk,dairy
gobo,vegetable
gochugaru,spice
gochugaru coarse,spice
gochugaru fine,spice
gochujang,condiment
goda masala,other
golden beet,vegetable
golden rice bran,grain
golden syrup,sweetener
"goose breast, boneless with skin",protein
goose egg,protein
goose fat,oil_fat
"goose leg, with skin",protein
goose liver,protein
"goose, whole",protein
gooseberry,fruit
gorgonzola cheese,dairy
gouda cheese,dairy
grains of paradise,spice
grains of selim,spice
granulated sugar,other
grape leaves,vegetable
grape tomato,vegetable
"grape, black",fruit
"grape, green",fruit
"grape, red",fruit
"grapefruit, pink",fruit
"grapefruit, white",fruit
grapeseed oil,oil_fat
grass carp,seafood
grass fed milk,dairy
grass jelly,other
grated coconut,nut_seed
"great northern beans, canned",legume
"great northern beans, dried",legume
"greek oregano, dried",herb
greek yogurt,dairy
green beans,vegetable
green bell pepper,vegetable
green cabbage,vegetable
green cardamom,spice
green chili powder,spice
green chutney,other
green curry paste,condiment
green lentils,legume
"green lentils, dried",legume
"green mussel, raw",seafood
green olives,condiment
green papaya,vegetable
green peas,vegetable
green peppercorns,spice
greenling (ainame),seafood
ground beef,protein
ground beef 73% lean,protein
ground beef 80% lean,protein
ground beef 85% lean,protein
ground beef 93% lean,protein
ground bison,protein
ground black sesame,spice
ground cardamom,spice
ground elk,protein
ground lamb,protein
ground pork,protein
ground venison,protein
ground white sesame,spice
groundnut paste,condiment
grouper,seafood
grouper fillet,seafood
"grouse, whole",protein
grumichama,fruit
grunt (isaki),seafood
gruyère cheese,dairy
guajillo chili powder,spice
guanciale,protein
guava,fruit
guava paste,sweetener
"guinea fowl breast, boneless skinless",protein
"guinea fowl, whole",protein
gula batu,sweetener
habanero pepper,vegetable
habanero powder,spice
haddock,seafood
haddock fillet,seafood
hakusai no tsukemono,condiment
haldi powder,other
half and half,dairy
halfbeak (sayori),seafood
halibut fillet,seafood
halloumi cheese,dairy
halva,other
ham,protein
hanakatsuo,seafood
hard boiled egg,protein
harissa paste,condiment
harissa powder,spice
hatcho miso,condiment
havarti cheese,dairy
hawaij,spice
hazelnut flour,other
hazelnut milk,dairy
hazelnut oil,nut_seed
"hazelnut, blanched",nut_seed
"hazelnut, raw",nut_seed
"hazelnut, roasted",nut_seed
hearts of palm,vegetable
heavy cream,dairy
hemp hearts,nut_seed
hemp milk,dairy
hemp seed oil,oil_fat
herbes de provence,herb
herring fillet,seafood
herring roe (kazunoko),seafood
hibiscus flowers,herb
hidaka kombu,vegetable
hijiki,vegetable
himalayan pink salt,spice
"himalayan red rice, uncooked",grain
hing,other
hoja santa,vegetable
"hoja santa, fresh",herb
hojicha powder,spice
holy basil,vegetable
"holy basil, fresh",herb
"hominy, dried",grain
hon dashi,condiment
hondashi,spice
honey,sweetener
honeydew melon,fruit
horenso,vegetable
horned melon,fruit
horse gram,legume
"horse gram, dried",legume
horse mackerel (aji),seafood
horseradish,vegetable
horseradish root,vegetable
hot paprika,spice
hot sauce,condiment
hu tieu noodles (dried),grain
hu tieu noodles (fresh),grain
huauzontle,vegetable
huckleberry,fruit
"hulled barley, uncooked",grain
hummus,legume
"hyssop, dried",herb
"hyssop, fresh",herb
iburigakko,condiment
iceberg lettuce,vegetable
idli rice,other
ikan teri,protein
imitation crab,seafood
injera,other
instant oats,grain
instant pho noodles,grain
instant yeast,other
invert sugar,sweetener
iriko,seafood
iriko dashi,condiment
israeli couscous,other
italian blend cheese,dairy
italian seasoning,herb
jabuticaba,fruit
jackfruit,vegetable
jaggery,other
jahe,spice
jalapeño,vegetable
jalapeño pepper,vegetable
jaljeera powder,other
jam,sweetener
jamelão,fruit
japanese eggplant,vegetable
japanese mayonnaise,protein
japanese sweet potato,vegetable
"jasmine brown rice, uncooked",grain
"jasmine rice, brown",grain
"jasmine rice, white",grain
"jasmine rice, white, uncooked",grain
jeera powder,other
jerk seasoning,spice
jicama,vegetable
jintan,spice
jjolmyeon noodles,grain
jollof rice seasoning,spice
jujube,fruit
jumbo shells pasta,other
jungle curry paste,condiment
kabocha squash,vegetable
kabu,vegetable
kabuli chana,legume
kaffir lime,herb
kaffir lime leaf,herb
kaffir lime leaves,spice
"kaffir lime leaves, dried",herb
"kaffir lime leaves, fresh",herb
kaffir lime powder,spice
kala masala,other
kala namak,spice
kalamata olives,other
kalguksu noodles,grain
"kalijira rice, uncooked",grain
kampot pepper,spice
kamut flour,grain
kamut grain,grain
kangkong,vegetable
kanzuri,condiment
kapulaga,spice
karashi,condiment
kashkaval cheese,dairy
kashmiri chili powder,spice
kashmiri garam masala,other
kasuri methi,other
katsuo dashi,condiment
katsuo furikake,condiment
katsuobushi,seafood
katsuobushi flakes,spice
kayu manis,spice
kecap asin,condiment
kecap ikan,condiment
kecap manis,condiment
kefalotyri cheese,dairy
kefir,dairy
kelp knots,other
kelp tea,beverage
kencur,spice
kerupuk,other
ketchup,condiment
ketumbar,spice
kewra water,other
kezuribushi,seafood
khoya,dairy
"kidney beans, canned",legume
"kidney beans, dried",legume
kimchi,vegetable
kinako,spice
"king crab, cooked",seafood
"king crab, raw",seafood
king oyster mushroom,vegetable
king salmon,seafood
kingfish fillet,seafood
kinoko moriawase,vegetable
kitchen king masala,other
"kiwi, gold",fruit
"kiwi, green",fruit
kiwicha,grain
kizami kombu,vegetable
kohlrabi,vegetable
koikuchi soy sauce,condiment
kokum,other
kokum powder,spice
kola nut powder,spice
komatsuna,vegetable
kombu,vegetable
kombu dashi,condiment
kombu dashi powder,spice
konnyaku powder,spice
korean black pepper,spice
korean chicken stock powder,condiment
korean chili threads,spice
korean cooking wine,condiment
korean curry powder,spice
korean dark soy sauce,condiment
korean fish sauce,condiment
korean garlic powder,spice
korean ginger powder,spice
korean ketchup,condiment
korean mayo,condiment
korean mustard,condiment
korean oyster sauce,condiment
korean perilla leaves,vegetable
korean radish,vegetable
korean red pepper powder,spice
korean rice syrup,sweetener
korean sea salt,spice
korean soup soy sauce,condiment
korean wasabi,condiment
korma masala,other
kosher salt,spice
koshin shiitake,vegetable
"kumamoto oyster, raw",seafood
kumquat,fruit
kunyit,spice
kuromitsu,condiment
kurozato,sweetener
kuzu starch,other
kyuri,vegetable
kyurizuke,condiment
labneh,dairy
lacinato kale,vegetable
lactose free milk,dairy
lake trout fillet,seafood
laksa noodles,other
lal mirch powder,other
lamb bone-in leg,protein
lamb boneless leg,protein
lamb breast,protein
lamb crown roast,protein
lamb fat,oil_fat
lamb heart,protein
lamb kidney,protein
lamb leg,protein
lamb leg steak,protein
lamb liver,protein
lamb loin chops,protein
lamb neck,protein
lamb rack,protein
lamb rib chops,protein
lamb saddle,protein
lamb shank,protein
lamb shoulder,protein
lamb shoulder chops,protein
lamb sirloin chops,protein
lamb tenderloin,protein
"langoustine, raw",seafood
langsat,fruit
lap cheong,protein
lard,oil_fat
lardo,protein
large Thai chili,spice
largehead hairtail,seafood
largemouth bass fillet,seafood
lasagna sheets,other
laughing cow cheese,dairy
"lavender, dried",herb
lechon sauce,other
leek,vegetable
lemon,fruit
"lemon balm, dried",herb
"lemon balm, fresh",herb
lemon basil,herb
"lemon basil, fresh",herb
lemon extract,other
lemon pepper,spice
"lemon thyme, dried",herb
"lemon thyme, fresh",herb
"lemon verbena, dried",herb
"lemon verbena, fresh",herb
lemongrass,spice
"lemongrass, dried",herb
"lemongrass, fresh",herb
lengkuas,spice
lentil flour,legume
lentil sprouts,legume
lettuce,vegetable
light brown sugar,sweetener
light coconut milk,dairy
light corn syrup,sweetener
light cream,dairy
"lima beans, canned",legume
"lima beans, dried",legume
limburger cheese,dairy
lime,vegetable
"lime basil, fresh",herb
lime juice,vegetable
"lime juice, fresh",condiment
lingcod fillet,seafood
lingonberry,fruit
linguine,other
liquid dashi concentrate,condiment
liquid egg whites,protein
"littleneck clam, raw",seafood
liver spread,protein
loach,seafood
lobster roe,seafood
"lobster tail, cooked",seafood
"lobster tail, raw",seafood
loganberry,fruit
long eggplant,vegetable
long pepper,spice
"long-grain white rice, uncooked",grain
longan,fruit
longaniza,protein
loquat,fruit
lotus root,vegetable
"lotus seeds, dried",nut_seed
"lovage, dried",herb
"lovage, fresh",herb
low fat cottage cheese,dairy
low fat yogurt,dairy
lucuma,fruit
lucuma powder,spice
luffa,vegetable
lupin flour,legume
"lupini beans, dried",legume
lychee,fruit
ma-kombu,vegetable
macadamia milk,dairy
"macadamia nut, raw",nut_seed
"macadamia nut, roasted salted",nut_seed
"macadamia nut, roasted unsalted",nut_seed
macadamia oil,oil_fat
macapuno,vegetable
macaroni,other
mace,spice
mace ground,spice
mache,vegetable
mackerel (godeungeo),seafood
mackerel fillet,seafood
madras curry powder,spice
maftoul,grain
mahi-mahi,seafood
mahi-mahi fillet,seafood
mahlab,spice
mahlab powder,spice
maida flour,grain
maitake mushroom,vegetable
majdoul dates,other
makdous,other
makki ka atta,grain
malanga,vegetable
malt vinegar,condiment
malted milk powder,dairy
maltose,sweetener
malunggay,vegetable
mamey sapote,fruit
manchego cheese,dairy
mandarin fish,seafood
mango,fruit
mangosteen,fruit
manicotti,other
"manila clam, raw",seafood
"mantis shrimp, raw",seafood
maple syrup,sweetener
marang,fruit
maras pepper,spice
margarine,oil_fat
marinara sauce,other
marionberry,fruit
"marjoram, dried",herb
"marjoram, fresh",herb
marlin fillet,seafood
masa harina,grain
mascarpone,dairy
mascarpone cheese,dairy
masoor dal,legume
massaman curry paste,condiment
mastic,spice
matcha powder,spice
matsutake mushroom,vegetable
mayonnaise,protein
mct oil,oil_fat
meat masala,other
"medium-grain white rice, uncooked",grain
medlar,fruit
mekabu,vegetable
melon seeds,nut_seed
menma,condiment
mentsuyu,condiment
merica,spice
meringue powder,protein
mexican blend cheese,dairy
mexican crema,dairy
"mexican oregano, dried",herb
mi chay (vegetarian noodles),grain
mi goi (instant egg noodles),grain
mi quang noodles,grain
mi ramen (ramen noodles),grain
"mi soba (soba noodles, vietnamese style)",grain
"mi spaghetti (spaghetti, vietnamese style)",grain
"mi trung (egg noodles, fresh)",grain
"mi udon (udon noodles, vietnamese style)",grain
mi vang (yellow egg noodles),grain
microgreens,vegetable
miki noodles,other
milk chocolate chips,other
milkfish (bangus),seafood
millet flour,grain
"millet, whole grain",grain
mint,herb
mint leaves,other
"mint, dried",herb
"mint, fresh",herb
miracle fruit,fruit
mirin,other
miso dashi powder,spice
miso paste,other
"miso paste, red",legume
"miso paste, white",legume
"miso paste, yellow",legume
mitmita,spice
mitsuba,vegetable
mitsuba dried,spice
mixed grain blend,grain
"mixed nuts, raw",nut_seed
"mixed nuts, roasted salted",nut_seed
"mixed nuts, roasted unsalted",nut_seed
mixed spice,spice
mizuna,vegetable
molasses,sweetener
monk fruit sweetener,sweetener
monkfish,seafood
monkfish fillet,seafood
monosodium glutamate,other
monterey jack cheese,dairy
moong dal,legume
moringa powder,spice
morning glory,vegetable
moth beans,legume
"moth beans, dried",legume
moyashi,vegetable
mozuku,vegetable
mozzarella cheese,dairy
msg,spice
muenster cheese,dairy
mulberry,fruit
mullet fillet,seafood
mung bean sprouts,legume
mung beans,other
"mung beans, dried",legume
muscovado sugar,sweetener
mushrooms,vegetable
mustard greens,vegetable
"mustard greens, fresh",herb
mustard oil,oil_fat
mustard powder,spice
mustard seeds,spice
myoga,vegetable
nabulsi cheese,dairy
naengmyeon noodles,other
naga kombu,vegetable
nagaimo,vegetable
nameko mushroom,vegetable
napa cabbage,vegetable
naranjilla,fruit
narutomaki,seafood
natto,legume
natto karashi,condiment
natto sauce,condiment
"navy beans, canned",legume
"navy beans, dried",legume
nduja,protein
nectarine,fruit
negi,vegetable
neri goma,condiment
neufchâtel cheese,dairy
new mexico chili powder,spice
niboshi,seafood
nigella seeds,nut_seed
nihari masala,other
ninnjin,vegetable
nira,vegetable
niter kibbeh,oil_fat
nonfat yogurt,dairy
nopales,vegetable
nori flakes,condiment
nori furikake,spice
nori sheets,spice
nozawana,vegetable
nukazuke,condiment
nutmeg,spice
nutmeg ground,spice
nutritional yeast,other
oat bran,grain
oat flour,grain
oat groats,grain
oat milk,dairy
oboro kombu,vegetable
ocean perch,seafood
"octopus, cooked",seafood
"octopus, raw",seafood
ogbono powder,spice
ogbono seeds,nut_seed
ogiri,condiment
okahijiki,vegetable
okonomiyaki sauce,condiment
okra,vegetable
old bay seasoning,spice
oligodang,condiment
olive oil,other
"olive oil, extra virgin",oil_fat
"olive oil, light",oil_fat
"olive oil, virgin",oil_fat
omelet,protein
oncom,protein
onion,vegetable
onion powder,spice
oolong tea leaves,herb
"opal basil, fresh",herb
opo squash,vegetable
orange bell pepper,vegetable
orange blossom water,other
orange extract,other
orange roughy fillet,seafood
"orange, blood",fruit
"orange, mandarin",fruit
"orange, navel",fruit
orecchiette,other
oregano,spice
"oregano, dried",herb
"oregano, fresh",herb
organic milk,dairy
orzo,other
ostrich fillet,protein
oyster mushroom,vegetable
"oyster, cooked",seafood
"oyster, raw eastern",seafood
"oyster, raw pacific",seafood
pacific cutlassfish (galchi),seafood
pacific saury (sanma),seafood
pad thai noodles,grain
pad thai rice noodles,other
palm oil,oil_fat
palm sugar,spice
panang curry paste,condiment
pancetta,protein
panch phoron,other
pandan leaf,herb
"pandan leaves, fresh",herb
paneer,dairy
panela,sweetener
pani puri masala,other
panko bread crumbs,other
papaya,fruit
pappardelle,other
paprika,spice
"parboiled rice, uncooked",grain
parmesan cheese,dairy
"parsley, dried",herb
"parsley, fresh, curly",herb
"parsley, fresh, flat-leaf",herb
parsnip,vegetable
part skim ricotta cheese,dairy
"partridge, whole",protein
pasilla chili powder,spice
passion fruit,fruit
pastry flour,other
patis,other
pav bhaji masala,other
pawpaw,fruit
pea eggplant,vegetable
pea milk,dairy
pea protein powder,legume
pea shoots,vegetable
peach,fruit
peanut butter,other
"peanut butter, crunchy",nut_seed
"peanut butter, smooth",nut_seed
peanut oil,nut_seed
peanut powder,nut_seed
"peanut, raw",nut_seed
"peanut, roasted salted",nut_seed
"peanut, roasted unsalted",nut_seed
"peanuts, crushed",nut_seed
"peanuts, honey roasted",nut_seed
"peanuts, roasted",nut_seed
"pear, anjou",fruit
"pear, asian",fruit
"pear, bartlett",fruit
"pear, bosc",fruit
"pearl barley, uncooked",grain
pearl onion,vegetable
pearl sugar,sweetener
pecan pieces,nut_seed
"pecan, raw",nut_seed
"pecan, roasted",nut_seed
pecorino Romano,dairy
pecorino romano cheese,dairy
pectin,other
"pen shell, raw",seafood
penne,other
pepino melon,fruit
pepitoria,spice
pepper jack cheese,dairy
peppercorns,spice
peppermint extract,other
perch fillet,seafood
peri peri sauce,condiment
perilla oil,oil_fat
perilla seed powder,spice
perilla seeds,spice
"perilla, fresh",herb
"periwinkle, raw",seafood
persian cucumber,vegetable
persimmon,fruit
persimmon vinegar,condiment
"persimmon, fuyu",fruit
"persimmon, hachiya",fruit
petis,condiment
"pheasant breast, boneless skinless",protein
"pheasant, whole",protein
pho noodles,other
pho noodles (dried),grain
pho noodles (fresh),grain
pickle relish,condiment
pickled egg,protein
pickled nozawana,condiment
pickled rakkyou,condiment
pickling spice,spice
pig ears,protein
"pigeon peas, canned",legume
"pigeon peas, dried",legume
pike conger (hamo),seafood
pike fillet,seafood
pilau masala,spice
piloncillo,sweetener
pine nut,nut_seed
pine nuts,nut_seed
pineapple,fruit
pink peppercorns,spice
pink salmon,seafood
"pinto beans, canned",legume
"pinto beans, dried",legume
piri piri,spice
pistachio milk,dairy
pistachio oil,oil_fat
"pistachio, raw",nut_seed
"pistachio, roasted salted",nut_seed
"pistachio, roasted unsalted",nut_seed
"pistachio, shelled",nut_seed
pistachios,nut_seed
pita bread,grain
pitanga,fruit
plaice fillet,seafood
plain bread crumbs,other
plain greek yogurt,other
plain yogurt,dairy
plantain,vegetable
plantain flour,grain
plum,fruit
plum extract,condiment
poached egg,protein
poblano pepper,vegetable
poha,grain
pointed gourd,vegetable
polenta,grain
"polenta, dry",grain
pollock fillet,seafood
pomegranate,fruit
pomegranate molasses,sweetener
pomegranate seeds,fruit
pomelo,fruit
pomfret,seafood
pompano fillet,seafood
ponzu sauce,condiment
poppy seeds,nut_seed
porcini mushrooms,vegetable
pork back ribs,protein
pork belly,protein
pork blade steak,protein
pork center cut chop,protein
pork chop,protein
pork crown roast,protein
pork cutlet,protein
pork ears,protein
pork fatback,protein
pork feet,protein
pork floss,protein
pork heart,protein
pork hock,protein
pork intestines,protein
pork jowl,protein
pork kidney,protein
pork leg,protein
pork liver,protein
pork loin,protein
pork loin chop,protein
pork medallion,protein
pork neck bones,protein
pork picnic shoulder,protein
pork rib chop,protein
pork riblets,protein
pork rind,protein
pork roast,protein
pork sausage,protein
pork sausage patty,protein
pork schnitzel,protein
pork shoulder,protein
pork shoulder blade,protein
pork sirloin,protein
pork sirloin chop,protein
pork spare ribs,protein
pork spleen,protein
pork steak,protein
pork stomach,protein
pork tail,protein
pork tenderloin,protein
pork tongue,protein
pork top loin,protein
portobello mushroom,vegetable
posto,nut_seed
potato flour,other
potato starch,other
poultry seasoning,spice
"poussin, whole",protein
powdered milk,dairy
powdered sugar,sweetener
"prawns, raw",seafood
premium fish sauce,condiment
prepared horseradish,condiment
preserved lemons,other
preserved radish,other
prosciutto,protein
prosciutto di Parma,protein
provolone cheese,dairy
pufferfish (fugu),seafood
pumpernickel bread,grain
pumpernickel flour,other
pumpkin,vegetable
pumpkin leaves,vegetable
pumpkin pie spice,spice
pumpkin seed oil,nut_seed
pumpkin seeds,nut_seed
"pumpkin seeds, raw",nut_seed
"pumpkin seeds, roasted salted",nut_seed
"pumpkin seeds, roasted unsalted",nut_seed
puntarelle,vegetable
purple cauliflower,vegetable
purple corn,grain
purple sweet potato,vegetable
"quail breast, boneless skinless",protein
quail egg,protein
quail eggs,protein
"quail, whole",protein
quark,dairy
queso blanco,dairy
queso cotija,dairy
queso fresco,dairy
queso oaxaca,dairy
quince,fruit
quinoa black,grain
quinoa flakes,grain
quinoa flour,grain
quinoa red,grain
quinoa white,grain
"quinoa, black, uncooked",grain
"quinoa, red, uncooked",grain
"quinoa, white, uncooked",grain
rabbit meat,protein
radicchio,vegetable
rainbow trout fillet,seafood
rajma,legume
rakkyou,vegetable
rambutan,fruit
ramps,vegetable
ranch seasoning,spice
rapini,vegetable
ras el hanout,spice
rasam powder,spice
raspberry,fruit
rausu kombu,vegetable
ravioli,grain
raw milk,dairy
rawa,other
ray,seafood
rayu,condiment
"razor clam, raw",seafood
red bean paste,legume
red beans,other
red bell pepper,vegetable
red cabbage,vegetable
red chili powder,spice
red curry paste,condiment
red gurnard (houbou),seafood
red hawaiian salt,spice
red lentils,legume
"red lentils, dried",legume
red miso,condiment
red onion,vegetable
red pepper flakes,spice
red potato,vegetable
"red quinoa, uncooked",grain
red radish,vegetable
"red rice, uncooked",grain
red snapper (kinmedai),seafood
red wine vinegar,other
reduced fat cream cheese,dairy
reduced fat sour cream,dairy
refined salt,spice
"refried beans, canned",legume
rempah,other
renkon,vegetable
rice bran,grain
rice bran oil,oil_fat
rice flour,other
rice flour (regular),grain
"rice flour, brown",grain
"rice flour, white",grain
rice milk,dairy
rice noodles,other
"rice noodles, extra thin",grain
"rice noodles, thin",grain
"rice noodles, wide",grain
rice paper,other
"rice paper (fresh, soft)",grain
rice paper (sesame),grain
rice paper (spring roll),grain
"rice paper (thick, for grilling)",grain
rice stick noodles (medium),grain
rice stick noodles (thin),grain
rice stick noodles (wide),grain
rice syrup,sweetener
rice vermicelli,other
rice vermicelli (bun),grain
rice vinegar,condiment
rice wine,condiment
ricotta cheese,dairy
ricotta salata,dairy
ridge gourd,vegetable
rigatoni,other
rishiri kombu,vegetable
roasted buckwheat groats,grain
roasted chili paste,condiment
roasted red peppers,other
roasted rice powder,spice
roasted sesame seeds,spice
robalo,seafood
rock salt,condiment
"rock shrimp, raw",seafood
rock sugar,sweetener
rockfish (mebaru),seafood
rockfish fillet,seafood
"rolled oats, old-fashioned",grain
rollinia,fruit
roma tomato,vegetable
romaine lettuce,vegetable
romanesco,vegetable
roquefort cheese,dairy
rose water,other
"rosemary, dried",herb
"rosemary, fresh",herb
"rosematta rice, uncooked",grain
rotini,other
rotisserie chicken,protein
russet potato,vegetable
rutabaga,vegetable
rye berries,grain
rye flour,other
"rye flour, medium",grain
sabji masala,other
saccharin,sweetener
safflower oil,oil_fat
saffron,spice
saffron threads,spice
safou,fruit
"sage, dried",herb
"sage, fresh",herb
saishikomi soy sauce,condiment
saithe,seafood
sake,other
sakura ebi,seafood
salak,fruit
salmon fillet,seafood
salmon furikake,spice
salmonberry,fruit
salsa,other
salsify,vegetable
salt,spice
salt and pepper,spice
salt pork,protein
salted butter,dairy
salted duck egg,protein
salted duck eggs,protein
salted egg yolk,protein
salted pollock roe (myeongnan),seafood
salted salmon roe (ikura),seafood
sambal bajak,condiment
sambal matah,condiment
sambal oelek,condiment
sambal terasi,condiment
sambar powder,spice
sambhar powder,other
samphire,vegetable
san marzano tomato,vegetable
sancho pepper,spice
sansho pepper,spice
santol,fruit
sapodilla,fruit
sarawak white pepper,spice
sardine (iwashi),seafood
sardines,seafood
satsuma,fruit
satsumaimo,vegetable
sauerkraut,vegetable
"savory, dried",herb
"savory, fresh",herb
saw leaf herb,vegetable
sawtooth coriander,herb
"sawtooth coriander, fresh",herb
sazon seasoning,spice
scallion,vegetable
scallion oil,oil_fat
scallion pancake dough,other
scallions,vegetable
scallop roe,seafood
"scallop, cooked",seafood
"scallop, raw bay",seafood
"scallop, raw sea",seafood
"scarlet runner beans, dried",legume
schmaltz,oil_fat
scorzonera,vegetable
scotch bonnet pepper,vegetable
scotch bonnet powder,spice
scotch egg,protein
scrambled eggs,protein
sea bass (suzuki),seafood
sea bass fillet,seafood
sea bream (tai),seafood
"sea cucumber, dried",seafood
"sea cucumber, raw",seafood
sea kale,vegetable
sea salt,spice
"sea snail, cooked",seafood
sea urchin roe,seafood
seasoned bread crumbs,other
seasoned rice vinegar,condiment
seaweed,vegetable
sel gris,spice
self-rising flour,other
semolina,grain
semolina flour,other
"semolina, durum wheat",grain
senmaizuke,condiment
serai,herb
serrano pepper,vegetable
serviceberry,fruit
sesame furikake,spice
sesame oil,oil_fat
"sesame oil, light",nut_seed
"sesame oil, toasted",nut_seed
"sesame paste, chinese",nut_seed
sesame salt,spice
sesame seeds,spice
sesame seeds black,spice
sesame seeds toasted,spice
sesame seeds white,spice
"sesame seeds, black",nut_seed
"sesame seeds, toasted",nut_seed
"sesame seeds, white",nut_seed
shahi paneer masala,other
shallot,vegetable
shallot oil,oil_fat
shanklish,dairy
sharp cheddar cheese,dairy
shea butter,oil_fat
sheep cheese,dairy
sheep milk,dairy
shelf stable milk,dairy
shells pasta,other
shibazuke,condiment
shichimi togarashi,spice
shiitake dashi,condiment
shiitake mushroom,vegetable
shiitake mushrooms,other
shimeji mushroom,vegetable
shio koji,condiment
shio kombu,condiment
shiozuke,condiment
shirasuboshi,seafood
shirataki noodles,grain
shiro soy sauce,condiment
shirodashi,condiment
shishito pepper,vegetable
shiso,vegetable
shiso leaf,vegetable
shiso leaves dried,spice
shiso oil,condiment
shiso powder,spice
"shiso, fresh",herb
"short-grain white rice, uncooked",grain
shoyu koji,condiment
shredded coconut,other
shrimp,protein
shrimp paste,seafood
"shrimp, cooked",seafood
"shrimp, raw jumbo",seafood
"shrimp, raw large",seafood
"shrimp, raw medium",seafood
"shrimp, raw small",seafood
shungiku,vegetable
sichuan pepper oil,oil_fat
sichuan peppercorn,spice
silver carp,seafood
sitaw,vegetable
skate fillet,seafood
skim milk,dairy
skipjack tuna,seafood
skyr,dairy
smelt,seafood
smoked haddock,seafood
smoked ham,protein
smoked herring,seafood
smoked mackerel,seafood
smoked paprika,spice
smoked pork chop,protein
smoked salmon,seafood
smoked salt,spice
smoked trout,seafood
snake gourd,vegetable
snakehead fish,seafood
snapper fillet,seafood
"snow crab, cooked",seafood
"snow crab, raw",seafood
snow peas,vegetable
soba noodles,grain
sofrito base,condiment
soft boiled egg,protein
soft shell crab,seafood
sol kadhi paste,other
sole,seafood
sole fillet,seafood
somen noodles,other
somyeon noodles,other
sona masoori rice,other
sooji,grain
sorghum flour,grain
sorghum syrup,sweetener
"sorghum, whole grain",grain
sorrel,vegetable
"sorrel, fresh",herb
sour cream,dairy
sour curry paste,condiment
sourdough starter,other
soursop,fruit
soy flour,other
"soy flour, defatted",legume
"soy flour, full-fat",legume
soy milk,dairy
"soy milk, sweetened",legume
"soy milk, unsweetened",legume
soy protein isolate,legume
soy sauce,spice
soy yogurt,dairy
soybean oil,legume
soybean sprouts,vegetable
spaghetti,grain
spaghetti squash,vegetable
speck,protein
spelt berries,grain
spelt flour,grain
spinach,vegetable
"spiny lobster, raw",seafood
"split peas, green",legume
"split peas, yellow",legume
"spot prawn, raw",seafood
spray oil,oil_fat
spring roll wrappers,grain
"squab, whole",protein
squash,vegetable
squid ink,seafood
"squid, cooked",seafood
"squid, raw",seafood
sriracha,condiment
ssamjang,condiment
star anise,spice
star fruit,fruit
starfruit,fruit
steak seasoning,spice
steel-cut oats,grain
steel-cut wheat,grain
steelhead trout fillet,seafood
stevia,sweetener
"stevia, dried",herb
"sticky rice, uncooked",grain
"sticky rice, white",grain
stilton cheese,dairy
stinging nettle,vegetable
stinky tofu,other
stockfish,seafood
"stone crab claw, cooked",seafood
stone flower,spice
straw mushroom,vegetable
strawberry,fruit
strawberry ice cream,dairy
strawberry milk,dairy
string cheese,dairy
striped bass fillet,seafood
sucanat,sweetener
sucralose,sweetener
suet,oil_fat
sugar,other
sugar apple,fruit
sugar cane,fruit
sugar snap peas,vegetable
sukang iloco,other
sukang tuba,other
sumac,spice
"summer savory, dried",herb
sun-dried tomato,vegetable
sun-dried tomatoes,other
sunchoke,vegetable
sunflower oil,oil_fat
sunflower seed butter,nut_seed
"sunflower seeds, raw",nut_seed
"sunflower seeds, roasted salted",nut_seed
"sunflower seeds, roasted unsalted",nut_seed
"surf clam, raw",seafood
"sushi rice, uncooked",grain
suya spice,spice
swai fillet,seafood
sweet chili sauce,condiment
sweet paprika,spice
sweet pickles,condiment
sweet potato,vegetable
sweet potato leaves,vegetable
sweet rice flour,grain
sweetened condensed coconut milk,dairy
sweetened condensed milk,dairy
sweetened shredded coconut,other
swiss chard,vegetable
swiss cheese,dairy
swordfish steak,seafood
tabasco sauce,condiment
taco seasoning,spice
tagliatelle,other
tahini,nut_seed
taiwanese basil,other
taiwanese cabbage,vegetable
taiwanese chili bean paste,condiment
taiwanese chili flakes,spice
taiwanese cilantro,herb
taiwanese curry powder,spice
taiwanese dried tangerine peel,spice
taiwanese fermented tofu,condiment
taiwanese fried shallots,condiment
taiwanese garlic chili sauce,condiment
taiwanese garlic sauce,condiment
taiwanese ginger paste,condiment
taiwanese hoisin sauce,condiment
taiwanese kimchi,other
taiwanese meatballs,protein
taiwanese peanut powder,condiment
taiwanese pepper salt,other
taiwanese pickled cabbage,other
taiwanese pickled mustard greens,other
taiwanese plum sauce,condiment
taiwanese preserved radish,vegetable
taiwanese rice koji,condiment
taiwanese rice syrup,sweetener
taiwanese sausage,protein
taiwanese sausage seasoning,spice
taiwanese scallion oil,condiment
taiwanese sesame paste,condiment
taiwanese sichuan peppercorn,spice
taiwanese soy sauce paste,condiment
taiwanese star anise,spice
taiwanese sweet chili sauce,condiment
tajin,spice
takenoko,vegetable
takuan,condiment
taleggio cheese,dairy
tamagoyaki,protein
tamanegi,vegetable
tamari soy sauce,condiment
tamarind,fruit
tamarind chutney,other
tamarind concentrate,condiment
tamarind paste,spice
tamarind pulp,condiment
tandoori masala,spice
tangerine,fruit
tape,grain
tapioca flour (refined),grain
tapioca pearls (small),grain
tapioca starch,other
taro chunks,other
taro leaves,vegetable
taro powder,other
taro root,vegetable
"tarragon, dried",herb
"tarragon, fresh",herb
tatsoi,vegetable
tatume squash,vegetable
tea egg,protein
teff flour,grain
teff grain,grain
tellicherry peppercorns,spice
tempeh,legume
tentsuyu,condiment
teriyaki sauce,condiment
"texmati rice, white, uncooked",grain
textured vegetable protein,legume
thai basil,vegetable
"thai basil, fresh",herb
"thai black rice, uncooked",grain
thai chili,vegetable
thai chili paste,spice
thai eggplant,vegetable
thick katsuobushi shavings,seafood
thick rice noodles,other
thin rice stick noodles,other
threadfin bream,seafood
thyme,spice
"thyme, dried",herb
"thyme, fresh",herb
tiger nut flour,grain
"tiger prawn, raw",seafood
tigernut flour,other
tilapia fillet,seafood
tilefish (amadai),seafood
tindora,vegetable
toasted sesame seeds,spice
tofu,protein
tokyo negi,vegetable
tomatillo,vegetable
tomato,vegetable
tomato paste,other
tomato sauce,vegetable
tomatoes,vegetable
tonka bean ground,spice
tonkatsu sauce,condiment
toor dal,legume
torch ginger,vegetable
tororo kombu,vegetable
tortellini,grain
toum,condiment
trail mix,nut_seed
treacle,sweetener
"tricolor quinoa, uncooked",grain
trout fillet,seafood
truffle oil,oil_fat
truffle salt,spice
tsukemono radish,vegetable
tsukushi,vegetable
tucupi sauce,condiment
tuna fillet,seafood
turbinado sugar,sweetener
turbot,seafood
turbot fillet,seafood
turkey bacon,protein
"turkey breast, bone-in with skin",protein
"turkey breast, boneless skinless",protein
"turkey cutlet, breaded",protein
"turkey drumstick, with skin",protein
turkey giblets,protein
turkey hot dog,protein
turkey neck,protein
turkey pepperoni,protein
"turkey sausage, Italian style",protein
"turkey sausage, breakfast style",protein
turkey stock,other
"turkey thigh, bone-in with skin",protein
"turkey thigh, boneless skinless",protein
"turkey wing, with skin",protein
"turkey, ground",protein
"turkey, ground lean",protein
"turkey, whole",protein
turmeric,spice
turmeric ground,spice
turmeric powder,spice
turmeric root,vegetable
turnip,vegetable
turnip greens,vegetable
ube,vegetable
uda,spice
udo,vegetable
ugli fruit,fruit
ultra filtered milk,dairy
ume kombu tea,beverage
umeboshi,condiment
umeboshi paste,condiment
umeboshi vinegar,condiment
unflavored gelatin,other
unsalted butter,dairy
unsweetened baking chocolate,other
unsweetened cocoa powder,other
urad dal,legume
urfa biber,spice
urfa pepper,spice
usukuchi soy sauce,condiment
uvaia,fruit
uziza leaves,herb
uziza seeds,spice
vanilla bean,spice
vanilla extract,other
vanilla ice cream,dairy
vanilla sugar,sweetener
vegetable bouillon,condiment
vegetable broth,other
vegetable oil,other
vegetable shortening,oil_fat
velveeta cheese,dairy
venison leg,protein
venison loin,protein
venison stew meat,protein
verdolagas,vegetable
vermicelli,other
vermicelli pasta,other
"vialone nano rice, uncooked",grain
vietnamese coriander,vegetable
"vietnamese coriander, fresh",herb
"vietnamese mint, fresh",herb
vital wheat gluten,other
wahoo fillet,seafood
wakame,vegetable
wakame flakes,spice
walleye fillet,seafood
walnut milk,dairy
walnut oil,nut_seed
walnut pieces,nut_seed
"walnut, candied",nut_seed
"walnut, raw",nut_seed
"walnut, roasted",nut_seed
warabi,vegetable
wasabi paste,condiment
wasabi powder,spice
wasabi root,vegetable
water,other
water chestnut,vegetable
water chestnuts,other
water spinach,vegetable
watercress,vegetable
"watercress, fresh",herb
waterleaf,vegetable
watermelon,fruit
watermelon seeds,nut_seed
"watermelon seeds, dried",nut_seed
wax apple,fruit
"wehani rice, uncooked",grain
"wheat berries, hard red",grain
wheat bran,grain
wheat germ,grain
wheat gluten,other
"whelk, raw",seafood
whipped cream,dairy
whipping cream,dairy
white bean paste,legume
"white beans, canned",legume
"white beans, dried",legume
white chocolate chips,other
"white kidney beans, canned",legume
"white kidney beans, dried",legume
white miso,condiment
white mushroom,vegetable
white onion,vegetable
white pepper ground,spice
white peppercorn,spice
white peppercorns,spice
white poppy seeds,nut_seed
white sapote,fruit
white sesame seeds,spice
"white shrimp, raw",seafood
white sugar,sweetener
white vinegar,condiment
white wine vinegar,condiment
whiting,seafood
whiting fillet,seafood
whole allspice berries,spice
whole cloves,spice
whole grain mustard,condiment
"whole lobster, raw",seafood
whole mackerel,seafood
whole milk,dairy
whole moong beans,legume
whole sardines,seafood
whole trout,seafood
whole urad beans,legume
"whole wheat couscous, dry",grain
whole wheat flour,other
whole wheat pasta,other
wide rice noodles,other
wild boar meat,protein
"wild rice, uncooked",grain
wing bean,vegetable
wing beans,vegetable
winter melon,vegetable
"winter savory, dried",herb
wonton wrappers,grain
wood apple,fruit
wood ear mushroom,vegetable
worcestershire sauce,condiment
xylitol,sweetener
yacon syrup,sweetener
yaki soba noodles,grain
yakisoba sauce,condiment
yam,vegetable
yam bean root,vegetable
yam flour,grain
yamaimo,vegetable
yard long bean,vegetable
yard long beans,vegetable
yardlong bean leaves,vegetable
yellow bell pepper,vegetable
yellow croaker (jogi),seafood
yellow curry paste,condiment
"yellow lentils, dried",legume
yellow miso,condiment
yellow mustard,condiment
yellow mustard seeds,spice
yellow onion,vegetable
yellow onions,vegetable
"yellow soybeans, canned",legume
"yellow soybeans, dried",legume
yellow squash,vegetable
yellowtail (hamachi),seafood
yellowtail fillet,seafood
yeot,condiment
yogurt,dairy
yu choy,vegetable
yuca,vegetable
yukari furikake,spice
yukon gold potato,vegetable
yuzu,fruit
yuzu kosho,condiment
yuzusco,condiment
za'atar,spice
za'atar spice blend,spice
zaatar spice blend,spice
"zaatar, dried",herb
zenmai,vegetable
zhug,condiment
ziti,other
zucchini,vegetable
